mo_id,region,district,year,month,month_idx,population,elderly_share,admitted,discharged,transferred,deaths,letality_pct,vacancy_reanim_pct,vacancy_cardio_pct,vacancy_surgeon_pct,ivl_units,ct_units,angiograph_units,ivl_avg_age_years,time_to_ivl_min
МО-А01,Регион А,Район-А01,2023,январь,1,91803,0.225,655,607,17,31,4.73,11.4,9.1,8.6,5,2,0,6.4,54.1
МО-А01,Регион А,Район-А01,2023,февраль,2,91803,0.225,40,36,2,2,5.0,10.9,6.2,7.7,11,3,1,4.7,46.9
МО-А01,Регион А,Район-А01,2023,март,3,91803,0.225,513,467,26,20,3.9,8.7,5.0,4.8,5,0,2,5.2,46.7
МО-А01,Регион А,Район-А01,2023,апрель,4,91803,0.225,40,38,1,1,2.5,11.4,5.4,8.6,5,2,2,3.9,55.9
МО-А01,Регион А,Район-А01,2023,май,5,91803,0.225,40,38,1,1,2.5,9.8,6.7,6.7,8,1,1,7.4,49.9
МО-А01,Регион А,Район-А01,2023,июнь,6,91803,0.225,40,38,1,1,2.5,9.2,5.2,7.1,6,1,1,5.4,38.4
МО-А01,Регион А,Район-А01,2023,июль,7,91803,0.225,183,169,6,8,4.37,8.9,5.5,5.9,8,3,0,5.7,42.0
МО-А01,Регион А,Район-А01,2023,август,8,91803,0.225,123,116,3,4,3.25,9.5,7.7,7.1,9,0,1,4.4,58.1
МО-А01,Регион А,Район-А01,2023,сентябь,9,91803,0.225,971,913,22,36,3.71,9.8,7.9,5.5,5,2,0,3.5,44.7
МО-А01,Регион А,Район-А01,2023,октябрь,10,91803,0.225,338,312,13,13,3.85,11.1,5.2,5.9,7,1,0,3.4,42.8
МО-А01,Регион А,Район-А01,2023,ноябрь,11,91803,0.225,331,304,16,11,3.32,10.8,5.4,6.0,10,2,2,3.5,50.9
МО-А01,Регион А,Район-А01,2023,декабрь,12,91803,0.225,310,280,16,14,4.52,10.4,9.7,6.8,11,3,0,2.2,42.3
МО-А01,Регион А,Район-А01,2024,январь,1,91803,0.225,40,37,2,1,2.5,10.7,7.2,5.1,7,1,1,4.2,41.4
МО-А01,Регион А,Район-А01,2024,февраль,2,91803,0.225,48,46,1,1,2.08,8.8,6.4,6.5,6,2,1,3.2,36.4
МО-А01,Регион А,Район-А01,2024,март,3,91803,0.225,737,680,26,31,4.21,8.6,6.9,8.3,8,0,0,5.6,37.2
МО-А01,Регион А,Район-А01,2024,апрель,4,91803,0.225,269,246,13,10,3.72,11.1,9.5,5.9,7,1,0,3.1,48.2
МО-А01,Регион А,Район-А01,2024,май,5,91803,0.225,399,372,13,14,3.51,10.4,6.8,4.7,9,1,1,3.7,49.3
МО-А01,Регион А,Район-А01,2024,июнь,6,91803,0.225,40,38,1,1,2.5,8.3,7.1,4.1,8,1,1,2.8,59.4
МО-А01,Регион А,Район-А01,2024,июль,7,91803,0.225,40,37,1,2,5.0,8.1,5.0,6.5,9,2,0,2.4,35.9
МО-А01,Регион А,Район-А01,2024,август,8,91803,0.225,40,38,1,1,2.5,7.9,5.6,4.5,4,1,0,4.4,59.0
МО-А01,Регион А,Район-А01,2024,сентябрь,9,91803,0.225,335,305,16,14,4.18,8.2,8.8,8.6,5,1,1,3.1,58.4
МО-А01,Регион А,Район-А01,2024,октябрь,10,91803,0.225,751,701,17,33,4.39,10.5,7.9,4.4,6,2,0,3.4,48.4
МО-А01,Регион А,Район-А01,2024,ноябрь,11,91803,0.225,1103,1020,40,43,3.9,9.2,7.3,5.5,6,2,0,7.0,61.3
МО-А01,Регион А,Район-А01,2024,декабрь,12,91803,0.225,40,38,1,1,2.5,10.6,9.6,5.2,4,2,0,2.4,51.8
МО-А02,Регион А,Район-А02,2023,январь,1,66645,0.215,190,171,10,9,4.74,5.8,6.5,3.6,5,0,1,3.6,45.0
МО-А02,Регион А,Район-А02,2023,февраль,2,66645,0.215,347,315,18,14,4.03,6.5,6.5,5.2,6,1,1,4.5,43.7
МО-А02,Регион А,Район-А02,2023,март,3,66645,0.215,150,137,7,6,4.0,7.3,5.1,5.5,4,2,1,3.4,39.6
МО-А02,Регион А,Район-А02,2023,апрель,4,66645,0.215,40,38,1,1,2.5,7.6,4.6,5.2,6,1,1,4.6,50.0
МО-А02,Регион А,Район-А02,2023,май,5,66645,0.215,523,487,14,22,4.21,6.1,5.1,5.3,8,3,0,3.7,47.8
МО-А02,Регион А,Район-А02,2023,июнь,6,66645,0.215,304,288,6,10,3.29,7.0,4.4,6.1,8,0,0,6.0,57.0
МО-А02,Регион А,Район-А02,2023,июль,7,66645,0.215,40,38,1,1,2.5,6.7,4.1,2.9,7,2,0,4.5,37.8
МО-А02,Регион А,Район-А02,2023,август,8,66645,0.215,641,603,16,22,3.43,7.1,4.5,6.2,8,3,1,1.8,36.9
МО-А02,Регион А,Район-А02,2023,сентябрь,9,66645,0.215,283,262,10,11,3.89,7.9,6.9,3.8,9,0,0,3.6,27.5
МО-А02,Регион А,Район-А02,2023,октябрь,10,66645,0.215,282,264,7,11,3.9,6.0,3.7,2.8,8,0,1,3.6,49.6
МО-А02,Регион А,Район-А02,2023,ноябрь,11,66645,0.215,83,77,3,3,3.61,8.1,6.2,4.9,4,0,0,2.2,51.7
МО-А02,Регион А,Район-А02,2023,декабрь,12,66645,0.215,40,39,0,1,2.5,6.0,4.5,5.3,3,1,0,5.5,52.6
МО-А02,Регион А,Район-А02,2024,январь,1,66645,0.215,40,38,1,1,2.5,5.7,3.6,4.3,2,1,1,7.1,54.7
МО-А02,Регион А,Район-А02,2024,февраль,2,66645,0.215,446,398,26,22,4.93,7.4,4.4,2.9,4,1,0,1.9,31.6
МО-А02,Регион А,Район-А02,2024,март,3,66645,0.215,406,374,16,16,3.94,5.8,4.7,3.9,9,0,0,2.7,54.5
МО-А02,Регион А,Район-А02,2024,апрель,4,66645,0.215,40,38,1,1,2.5,6.8,4.5,3.9,11,2,0,-0.6,43.0
МО-А02,Регион А,Район-А02,2024,май,5,66645,0.215,40,38,1,1,2.5,6.5,6.1,4.9,5,1,0,0.6,39.2
МО-А02,Регион А,Район-А02,2024,июнь,6,66645,0.215,40,37,2,1,2.5,7.2,4.3,3.3,8,0,0,7.8,59.6
МО-А02,Регион А,Район-А02,2024,июль,7,66645,0.215,538,489,28,21,3.9,6.9,5.9,4.5,6,1,2,5.0,44.6
МО-А02,Регион А,Район-А02,2024,август,8,66645,0.215,40,38,1,1,2.5,8.0,6.4,3.7,6,2,0,5.5,43.2
МО-А02,Регион А,Район-А02,2024,сентябрь,9,66645,0.215,338,312,14,12,3.55,8.3,5.1,3.3,5,0,0,2.1,44.2
МО-А02,Регион А,Район-А02,2024,октябрь,10,66645,0.215,40,38,1,0,0.0,7.1,4.3,5.4,7,3,1,3.1,31.6
МО-А02,Регион А,Район-А02,2024,ноябрь,11,66645,0.215,40,37,2,1,2.5,6.9,3.6,4.5,9,0,0,5.0,39.2
МО-А02,Регион А,Район-А02,2024,декабрь,12,66645,0.215,40,38,1,1,2.5,7.3,4.0,4.4,6,2,0,3.1,35.1
МО-А03,Регион А,Район-А03,2023,январь,1,71764,0.159,658,599,23,36,5.47,7.5,7.0,6.3,4,2,0,5.2,51.0
МО-А03,Регион А,Район-А03,2023,февраль,2,71764,0.159,1328,1208,49,71,5.35,6.8,6.6,6.8,4,0,1,3.7,43.8
МО-А03,Регион А,Район-А03,2023,март,3,71764,0.159,324,303,8,13,4.01,8.2,6.4,6.5,6,2,1,4.7,39.2
МО-А03,Регион А,Район-А03,2023,апрель,4,71764,0.159,284,263,10,11,3.87,7.3,5.1,3.3,12,2,0,2.9,41.7
МО-А03,Регион А,Район-А03,2023,май,5,71764,0.159,40,38,1,1,2.5,7.9,5.1,6.7,8,2,1,2.2,47.5
МО-А03,Регион А,Район-А03,2023,июнь,6,71764,0.159,40,37,1,2,5.0,9.7,6.7,4.4,6,0,0,3.3,47.0
МО-А03,Регион А,Район-А03,2023,июль,7,71764,0.159,40,37,1,2,5.0,9.1,6.5,4.7,6,1,0,2.2,37.2
МО-А03,Регион А,Район-А03,2023,август,8,71764,0.159,40,37,2,1,2.5,8.6,5.3,5.0,4,0,0,4.3,51.5
МО-А03,Регион А,Район-А03,2023,сентябрь,9,71764,0.159,235,217,9,9,3.83,9.6,6.2,7.0,6,2,0,4.1,41.2
МО-А03,Регион А,Район-А03,2023,октябрь,10,71764,0.159,445,417,10,18,4.04,9.6,4.6,7.2,4,3,0,7.2,46.8
МО-А03,Регион А,Район-А03,2023,ноябрь,11,71764,0.159,354,330,7,17,4.8,8.2,5.9,6.0,6,1,0,4.9,30.2
МО-А03,Регион А,Район-А03,2023,декабрь,12,71764,0.159,442,399,24,19,4.3,8.3,7.8,4.1,8,3,1,4.4,43.8
МО-А03,Регион А,Район-А03,2024,январь,1,71764,0.159,74,68,2,4,5.41,8.1,4.5,6.8,8,2,1,2.1,4.0
МО-А03,Регион А,Район-А03,2024,февраль,2,71764,0.159,591,545,15,31,5.25,7.8,4.5,5.2,7,0,1,4.7,48.3
МО-А03,Регион А,Район-А03,2024,март,3,71764,0.159,40,39,0,1,2.5,8.7,6.3,7.2,9,1,1,3.6,51.8
МО-А03,Регион А,Район-А03,2024,апрель,4,71764,0.159,467,425,21,21,4.5,8.4,4.1,6.4,6,2,1,2.8,46.4
МО-А03,Регион А,Район-А03,2024,май,5,71764,0.159,262,238,14,10,3.82,7.6,4.7,6.9,6,3,1,3.8,49.7
МО-А03,Регион А,Район-А03,2024,июнь,6,71764,0.159,238,222,5,11,4.62,6.5,7.3,4.2,9,1,1,5.6,49.0
МО-А03,Регион А,Район-А03,2024,июль,7,71764,0.159,40,37,2,1,2.5,8.2,4.5,5.3,7,2,0,3.9,31.6
МО-А03,Регион А,Район-А03,2024,август,8,71764,0.159,40,38,0,2,5.0,8.0,5.7,6.0,7,0,1,3.8,48.5
МО-А03,Регион А,Район-А03,2024,сентябрь,9,71764,0.159,136,125,6,5,3.68,8.3,5.4,7.3,7,0,0,2.7,45.2
МО-А03,Регион А,Район-А03,2024,октябрь,10,71764,0.159,40,37,2,1,2.5,8.8,4.9,5.1,4,2,1,1.8,50.6
МО-А03,Регион А,Район-А03,2024,ноябрь,11,71764,0.159,552,508,19,25,4.53,7.0,7.8,3.5,9,2,0,5.3,53.0
МО-А03,Регион А,Район-А03,2024,декабрь,12,71764,0.159,412,374,17,21,5.1,7.6,4.6,4.7,5,1,0,4.9,37.0
МО-А04,Регион А,Район-А04,2023,январь,1,72815,0.196,726,661,31,34,4.68,6.3,5.9,3.7,6,3,1,1.5,54.5
МО-А04,Регион А,Район-А04,2023,февраль,2,72815,0.196,40,36,2,2,5.0,8.1,5.8,5.2,5,4,1,3.7,41.6
МО-А04,Регион А,Район-А04,2023,март,3,72815,0.196,482,446,16,20,4.15,5.7,6.7,4.9,10,1,1,2.9,42.1
МО-А04,Регион А,Район-А04,2023,апрель,4,72815,0.196,236,219,7,10,4.24,6.8,6.2,5.6,5,1,0,4.0,46.7
МО-А04,Регион А,Район-А04,2023,май,5,72815,0.196,40,38,1,1,2.5,7.1,5.2,3.8,5,1,0,2.1,48.4
МО-А04,Регион А,Район-А04,2023,июнь,6,72815,0.196,60,57,1,2,3.33,6.9,5.7,2.9,5,1,1,3.9,50.0
МО-А04,Регион А,Район-А04,2023,июль,7,72815,0.196,221,205,5,11,4.98,6.8,6.1,4.7,7,2,0,5.9,52.2
МО-А04,Регион А,Район-А04,2023,август,8,72815,0.196,311,280,16,15,4.82,7.4,5.6,5.4,7,1,1,4.5,47.0
МО-А04,Регион А,Район-А04,2023,сентябрь,9,72815,0.196,402,361,22,19,4.73,6.0,6.6,3.7,4,0,0,2.2,48.2
МО-А04,Регион А,Район-А04,2023,октябрь,10,72815,0.196,67,63,2,2,2.99,6.1,5.4,6.1,8,0,1,4.3,30.8
МО-А04,Регион А,Район-А04,2023,ноябрь,11,72815,0.196,260,239,11,10,3.85,7.9,5.9,3.5,8,1,0,3.2,33.3
МО-А04,Регион А,Район-А04,2023,декабрь,12,72815,0.196,40,37,1,2,5.0,7.5,6.7,5.1,8,2,1,2.0,48.7
МО-А04,Регион А,Район-А04,2024,январь,1,72815,0.196,223,205,7,11,4.93,7.0,3.8,5.8,7,3,1,4.5,36.8
МО-А04,Регион А,Район-А04,2024,февраль,2,72815,0.196,40,36,2,2,5.0,8.3,5.2,5.8,7,1,0,2.3,48.1
МО-А04,Регион А,Район-А04,2024,март,3,72815,0.196,400,367,13,20,5.0,7.8,5.4,3.5,7,1,1,1.5,50.3
МО-А04,Регион А,Район-А04,2024,апрель,4,72815,0.196,433,400,15,18,4.16,6.7,5.7,5.7,8,1,0,5.0,51.8
МО-А04,Регион А,Район-А04,2024,май,5,72815,0.196,118,107,6,5,4.24,8.2,4.8,4.9,10,2,1,5.5,44.8
МО-А04,Регион А,Район-А04,2024,июнь,6,72815,0.196,40,37,1,2,5.0,6.8,6.4,5.8,8,0,0,3.0,33.1
МО-А04,Регион А,Район-А04,2024,июль,7,72815,0.196,40,38,1,1,2.5,6.8,4.2,3.6,6,2,0,3.3,49.5
МО-А04,Регион А,Район-А04,2024,август,8,72815,0.196,864,787,43,34,3.94,8.1,6.7,3.0,8,0,1,4.2,52.9
МО-А04,Регион А,Район-А04,2024,сентябрь,9,72815,0.196,602,542,31,29,4.82,6.2,5.1,4.3,10,1,0,2.0,46.6
МО-А04,Регион А,Район-А04,2024,октябрь,10,72815,0.196,239,222,7,10,4.18,8.0,5.3,5.9,5,0,2,4.8,46.1
МО-А04,Регион А,Район-А04,2024,ноябрь,11,72815,0.196,171,154,10,7,4.09,8.1,6.4,3.4,9,1,1,4.5,39.9
МО-А04,Регион А,Район-А04,2024,декабрь,12,72815,0.196,805,736,25,44,5.47,7.9,4.6,6.1,9,2,1,4.2,45.0
МО-А05,Регион А,Район-А05,2023,январь,1,131572,0.243,40,39,0,1,2.5,7.5,4.7,6.8,11,2,1,5.9,39.8
МО-А05,Регион А,Район-А05,2023,февраль,2,131572,0.243,40,38,1,1,2.5,8.5,6.4,3.5,8,2,0,3.9,47.9
МО-А05,Регион А,Район-А05,2023,март,3,131572,0.243,392,356,19,17,4.34,7.6,4.2,4.1,14,2,1,0.9,53.3
МО-А05,Регион А,Район-А05,2023,апрель,4,131572,0.243,131,120,5,6,4.58,6.1,5.7,3.9,11,3,1,2.4,40.2
МО-А05,Регион А,Район-А05,2023,май,5,131572,0.243,40,37,2,1,2.5,6.2,5.7,4.9,12,4,0,2.0,50.0
МО-А05,Регион А,Район-А05,2023,июнь,6,131572,0.243,40,39,0,1,2.5,8.4,5.1,5.8,6,1,0,3.1,40.4
МО-А05,Регион А,Район-А05,2023,июль,7,131572,0.243,1233,1134,33,66,5.35,8.4,5.5,5.6,11,1,0,5.7,52.9
МО-А05,Регион А,Район-А05,2023,август,8,131572,0.243,40,38,1,1,2.5,6.1,7.3,4.9,11,4,0,3.2,57.5
МО-А05,Регион А,Район-А05,2023,сентябрь,9,131572,0.243,662,595,36,31,4.68,7.0,4.2,4.4,12,4,0,4.4,40.6
МО-А05,Регион А,Район-А05,2023,октябрь,10,131572,0.243,1198,1078,68,52,4.34,7.6,6.8,5.7,10,3,1,4.1,37.4
МО-А05,Регион А,Район-А05,2023,ноябрь,11,131572,0.243,322,298,10,14,4.35,7.8,5.4,5.6,11,2,1,4.2,41.3
МО-А05,Регион А,Район-А05,2023,декабрь,12,131572,0.243,965,856,55,54,5.6,6.2,6.2,4.4,11,3,0,4.1,43.0
МО-А05,Регион А,Район-А05,2024,январь,1,131572,0.243,40,39,0,1,2.5,8.4,5.1,4.5,9,1,0,1.7,30.0
МО-А05,Регион А,Район-А05,2024,февраль,2,131572,0.243,40,37,1,2,5.0,7.2,6.2,3.9,13,4,1,1.8,45.8
МО-А05,Регион А,Район-А05,2024,март,3,131572,0.243,40,38,1,1,2.5,9.0,4.8,6.5,10,2,1,4.3,41.5
МО-А05,Регион А,Район-А05,2024,апрель,4,131572,0.243,1012,927,47,38,3.75,8.6,5.0,4.3,9,3,1,5.5,38.0
МО-А05,Регион А,Район-А05,2024,май,5,131572,0.243,80,73,4,3,3.75,7.6,4.2,3.8,6,3,1,5.1,48.1
МО-А05,Регион А,Район-А05,2024,июнь,6,131572,0.243,40,38,1,1,2.5,6.3,4.9,6.8,13,2,0,3.6,29.7
МО-А05,Регион А,Район-А05,2024,июль,7,131572,0.243,2015,1836,76,103,5.11,8.1,5.1,6.3,13,3,0,4.9,66.1
МО-А05,Регион А,Район-А05,2024,август,8,131572,0.243,40,39,0,1,2.5,6.5,4.4,4.2,13,2,0,6.2,38.6
МО-А05,Регион А,Район-А05,2024,сентябрь,9,131572,0.243,721,659,30,32,4.44,6.4,4.9,5.0,9,2,0,4.1,42.9
МО-А05,Регион А,Район-А05,2024,октябрь,10,131572,0.243,40,37,2,1,2.5,7.7,6.9,3.1,8,4,1,1.3,41.2
МО-А05,Регион А,Район-А05,2024,ноябрь,11,131572,0.243,511,468,20,23,4.5,7.9,4.9,6.6,9,1,1,2.8,40.7
МО-А05,Регион А,Район-А05,2024,декабрь,12,131572,0.243,645,589,25,31,4.81,6.6,6.0,4.2,11,2,0,5.9,28.2
МО-А06,Регион А,Район-А06,2023,январь,1,68063,0.171,449,408,14,27,6.01,7.6,4.9,4.0,8,2,1,2.2,53.8
МО-А06,Регион А,Район-А06,2023,февраль,2,68063,0.171,234,215,7,12,5.13,8.0,5.1,6.0,11,0,1,2.5,47.1
МО-А06,Регион А,Район-А06,2023,март,3,68063,0.171,1038,923,60,55,5.3,6.8,5.2,3.3,7,0,1,2.8,37.8
МО-А06,Регион А,Район-А06,2023,апрель,4,68063,0.171,40,36,2,2,5.0,8.4,6.8,4.5,6,0,1,4.4,57.1
МО-А06,Регион А,Район-А06,2023,май,5,68063,0.171,587,536,18,33,5.62,9.2,6.5,3.5,8,2,0,4.1,41.8
МО-А06,Регион А,Район-А06,2023,июнь,6,68063,0.171,756,690,30,36,4.76,7.7,4.0,3.6,5,1,1,1.8,49.5
МО-А06,Регион А,Район-А06,2023,июль,7,68063,0.171,40,37,1,2,5.0,9.2,6.7,4.2,7,0,1,1.5,46.3
МО-А06,Регион А,Район-А06,2023,август,8,68063,0.171,40,37,1,2,5.0,9.2,6.1,6.2,10,1,0,5.4,50.3
МО-А06,Регион А,Район-А06,2023,сентябрь,9,68063,0.171,808,728,34,46,5.69,8.4,6.1,3.7,6,0,0,4.2,43.8
МО-А06,Регион А,Район-А06,2023,октябрь,10,68063,0.171,190,175,4,11,5.79,6.2,5.1,3.7,6,1,0,4.3,26.5
МО-А06,Регион А,Район-А06,2023,ноябрь,11,68063,0.171,614,571,15,28,4.56,6.8,5.1,5.6,4,0,0,5.3,60.8
МО-А06,Регион А,Район-А06,2023,декабрь,12,68063,0.171,52,47,2,3,5.77,8.2,6.5,5.4,8,2,1,2.8,45.3
МО-А06,Регион А,Район-А06,2024,январь,1,68063,0.171,508,466,14,28,5.51,8.4,5.1,4.4,6,3,0,3.7,51.6
МО-А06,Регион А,Район-А06,2024,февраль,2,68063,0.171,78,69,4,5,6.41,9.1,7.0,4.2,5,1,1,2.8,55.8
МО-А06,Регион А,Район-А06,2024,март,3,68063,0.171,211,193,8,10,4.74,9.1,6.5,3.6,9,0,0,3.9,60.5
МО-А06,Регион А,Район-А06,2024,апрель,4,68063,0.171,40,38,1,1,2.5,8.4,4.2,6.1,6,3,1,5.1,44.1
МО-А06,Регион А,Район-А06,2024,май,5,68063,0.171,868,798,24,46,5.3,9.2,5.1,5.6,5,2,0,2.1,44.4
МО-А06,Регион А,Район-А06,2024,июнь,6,68063,0.171,92,85,2,5,5.43,8.9,4.5,6.6,2,2,0,0.2,48.9
МО-А06,Регион А,Район-А06,2024,июль,7,68063,0.171,981,897,19,65,6.63,7.9,4.3,6.9,6,1,2,2.1,44.3
МО-А06,Регион А,Район-А06,2024,август,8,68063,0.171,842,775,23,44,5.23,6.5,4.5,4.9,5,1,1,3.5,30.6
МО-А06,Регион А,Район-А06,2024,сентябрь,9,68063,0.171,40,37,2,1,2.5,8.9,7.1,5.1,5,3,1,4.1,52.4
МО-А06,Регион А,Район-А06,2024,октябрь,10,68063,0.171,112,104,3,5,4.46,8.5,7.5,4.3,8,1,0,2.5,37.6
МО-А06,Регион А,Район-А06,2024,ноябрь,11,68063,0.171,384,352,13,19,4.95,7.7,7.3,5.8,7,1,1,4.9,43.2
МО-А06,Регион А,Район-А06,2024,декабрь,12,68063,0.171,46,43,1,2,4.35,8.5,6.2,4.7,6,0,0,1.6,45.0
МО-А07,Регион А,Район-А07,2023,январь,1,77480,0.191,315,284,17,14,4.44,5.7,5.0,5.2,12,3,1,5.1,47.4
МО-А07,Регион А,Район-А07,2023,февраль,2,77480,0.191,40,38,1,1,2.5,6.9,3.8,3.5,11,2,0,0.6,44.4
МО-А07,Регион А,Район-А07,2023,март,3,77480,0.191,40,39,0,1,2.5,6.8,6.2,5.2,11,1,1,3.3,34.7
МО-А07,Регион А,Район-А07,2023,апрель,4,77480,0.191,600,545,35,20,3.33,8.1,3.7,6.0,11,3,1,3.6,33.6
МО-А07,Регион А,Район-А07,2023,май,5,77480,0.191,811,733,48,30,3.7,6.6,6.4,5.9,10,1,1,2.3,36.4
МО-А07,Регион А,Район-А07,2023,июнь,6,77480,0.191,54,51,2,1,1.85,7.0,5.9,3.5,9,3,1,2.6,56.9
МО-А07,Регион А,Район-А07,2023,июль,7,77480,0.191,40,38,1,1,2.5,6.5,4.4,6.0,10,2,0,3.9,37.0
МО-А07,Регион А,Район-А07,2023,август,8,77480,0.191,339,319,9,11,3.24,5.8,3.6,4.8,7,2,0,3.2,35.6
МО-А07,Регион А,Район-А07,2023,сентябрь,9,77480,0.191,284,266,6,12,4.23,6.9,4.4,5.6,12,2,0,1.5,38.5
МО-А07,Регион А,Район-А07,2023,октябрь,10,77480,0.191,117,108,5,4,3.42,6.1,4.5,3.0,12,4,0,5.1,38.2
МО-А07,Регион А,Район-А07,2023,ноябрь,11,77480,0.191,40,37,2,1,2.5,7.3,6.1,3.8,12,2,1,1.5,55.3
МО-А07,Регион А,Район-А07,2023,декабрь,12,77480,0.191,40,38,1,1,2.5,7.7,6.6,4.7,11,4,0,4.1,51.0
МО-А07,Регион А,Район-А07,2024,январь,1,77480,0.191,419,377,22,20,4.77,5.8,5.9,3.4,13,2,1,0.9,33.9
МО-А07,Регион А,Район-А07,2024,февраль,2,77480,0.191,506,462,21,23,4.55,6.8,6.4,3.9,14,2,0,6.8,37.3
МО-А07,Регион А,Район-А07,2024,март,3,77480,0.191,1387,1293,41,53,3.82,7.2,4.1,5.9,16,1,0,2.0,52.5
МО-А07,Регион А,Район-А07,2024,апрель,4,77480,0.191,67,63,2,2,2.99,5.8,6.8,4.4,12,3,0,2.2,49.7
МО-А07,Регион А,Район-А07,2024,май,5,77480,0.191,40,38,1,1,2.5,8.1,5.4,4.2,10,3,1,1.2,57.5
МО-А07,Регион А,Район-А07,2024,июнь,6,77480,0.191,40,38,1,1,2.5,7.8,6.8,5.0,11,2,1,3.6,42.0
МО-А07,Регион А,Район-А07,2024,июль,7,77480,0.191,175,160,7,8,4.57,7.3,3.6,2.9,8,4,0,2.1,34.1
МО-А07,Регион А,Район-А07,2024,август,8,77480,0.191,40,38,1,1,2.5,5.5,5.2,4.0,13,1,0,2.0,37.1
МО-А07,Регион А,Район-А07,2024,сентябрь,9,77480,0.191,213,201,4,8,3.76,7.0,4.4,6.1,11,4,1,2.1,32.6
МО-А07,Регион А,Район-А07,2024,октябрь,10,77480,0.191,413,389,10,14,3.39,6.0,5.2,5.6,10,2,1,2.2,49.8
МО-А07,Регион А,Район-А07,2024,ноябрь,11,77480,0.191,40,38,1,1,2.5,7.8,5.7,5.7,8,2,0,1.9,53.7
МО-А07,Регион А,Район-А07,2024,декабрь,12,77480,0.191,308,284,12,12,3.9,6.7,6.1,4.7,11,3,0,2.9,44.6
МО-А08,Регион А,Район-А08,2023,январь,1,102827,0.157,591,536,23,32,5.41,6.7,4.4,7.0,11,2,0,7.6,48.8
МО-А08,Регион А,Район-А08,2023,февраль,2,102827,0.157,40,36,2,2,5.0,8.8,5.7,3.6,11,2,1,5.0,41.4
МО-А08,Регион А,Район-А08,2023,март,3,102827,0.157,710,659,18,33,4.65,9.7,7.0,5.3,6,2,0,1.6,55.4
МО-А08,Регион А,Район-А08,2023,апрель,4,102827,0.157,40,37,1,2,5.0,9.0,4.2,4.4,10,2,0,2.1,63.5
МО-А08,Регион А,Район-А08,2023,май,5,102827,0.157,40,39,0,1,2.5,8.5,7.3,6.2,8,2,1,3.8,36.7
МО-А08,Регион А,Район-А08,2023,июнь,6,102827,0.157,313,295,6,12,3.83,7.5,5.5,4.4,5,2,1,2.4,49.5
МО-А08,Регион А,Район-А08,2023,июль,7,102827,0.157,243,227,5,11,4.53,8.5,5.4,4.8,7,1,1,7.0,56.5
МО-А08,Регион А,Район-А08,2023,август,8,102827,0.157,1519,1411,40,68,4.48,7.8,4.6,4.5,4,1,1,2.8,50.0
МО-А08,Регион А,Район-А08,2023,сентябрь,9,102827,0.157,138,129,4,5,3.62,8.5,6.5,4.1,7,2,1,5.5,45.5
МО-А08,Регион А,Район-А08,2023,октябрь,10,102827,0.157,40,38,1,1,2.5,9.2,7.6,7.2,4,2,1,5.2,47.1
МО-А08,Регион А,Район-А08,2023,ноябрь,11,102827,0.157,40,37,1,2,5.0,8.8,6.1,5.6,11,1,1,4.9,40.9
МО-А08,Регион А,Район-А08,2023,декабрь,12,102827,0.157,842,765,35,42,4.99,8.7,6.3,7.1,8,0,1,3.1,50.6
МО-А08,Регион А,Район-А08,2024,январь,1,102827,0.157,40,37,1,2,5.0,8.1,6.6,4.2,3,0,0,4.4,44.1
МО-А08,Регион А,Район-А08,2024,февраль,2,102827,0.157,929,848,37,44,4.74,9.5,6.9,5.5,7,2,0,5.7,43.2
МО-А08,Регион А,Район-А08,2024,март,3,102827,0.157,202,184,9,9,4.46,7.7,6.7,3.4,6,3,0,2.2,4.0
МО-А08,Регион А,Район-А08,2024,апрель,4,102827,0.157,875,816,26,33,3.77,8.2,6.2,5.6,6,0,0,2.3,56.0
МО-А08,Регион А,Район-А08,2024,май,5,102827,0.157,40,39,0,1,2.5,6.9,5.8,7.2,5,3,1,5.1,50.7
МО-А08,Регион А,Район-А08,2024,июнь,6,102827,0.157,40,38,1,1,2.5,7.9,6.9,4.6,7,1,2,6.4,57.1
МО-А08,Регион А,Район-А08,2024,июль,7,102827,0.157,40,37,2,1,2.5,7.3,4.8,3.9,4,0,0,4.4,54.0
МО-А08,Регион А,Район-А08,2024,август,8,102827,0.157,637,597,13,27,4.24,8.5,4.9,5.7,9,0,1,4.9,60.6
МО-А08,Регион А,Район-А08,2024,сентябрь,9,102827,0.157,409,372,22,15,3.67,7.1,5.4,5.1,6,1,2,2.2,43.7
МО-А08,Регион А,Район-А08,2024,октябрь,10,102827,0.157,40,38,1,1,2.5,9.3,6.6,6.6,5,1,0,3.8,46.7
МО-А08,Регион А,Район-А08,2024,ноябрь,11,102827,0.157,514,479,14,21,4.09,8.8,6.1,5.0,7,2,1,5.1,58.7
МО-А08,Регион А,Район-А08,2024,декабрь,12,102827,0.157,85,78,3,4,4.71,8.1,4.6,4.5,4,1,1,4.1,48.0
МО-А09,Регион А,Район-А09,2023,январь,1,68250,0.24,637,578,25,34,5.34,10.8,9.1,6.6,10,2,0,4.3,52.2
МО-А09,Регион А,Район-А09,2023,февраль,2,68250,0.24,247,227,10,10,4.05,9.4,7.9,8.4,6,2,0,4.5,51.7
МО-А09,Регион А,Район-А09,2023,март,3,68250,0.24,327,297,17,13,3.98,8.9,9.3,7.3,4,2,0,5.1,36.7
МО-А09,Регион А,Район-А09,2023,апрель,4,68250,0.24,40,38,1,1,2.5,12.2,7.8,9.7,15,2,0,4.7,43.4
МО-А09,Регион А,Район-А09,2023,май,5,68250,0.24,40,38,1,1,2.5,9.3,6.5,5.5,10,2,1,3.6,58.7
МО-А09,Регион А,Район-А09,2023,июнь,6,68250,0.24,40,38,1,1,2.5,12.4,10.8,8.0,10,4,1,4.7,36.1
МО-А09,Регион А,Район-А09,2023,июль,7,68250,0.24,912,825,49,38,4.17,9.8,9.3,8.8,7,2,0,2.0,50.4
МО-А09,Регион А,Район-А09,2023,август,8,68250,0.24,186,171,8,7,3.76,12.5,5.9,7.1,10,1,2,1.4,68.1
МО-А09,Регион А,Район-А09,2023,сентябрь,9,68250,0.24,216,197,10,9,4.17,11.8,7.9,7.9,8,1,1,2.9,51.5
МО-А09,Регион А,Район-А09,2023,октябрь,10,68250,0.24,40,37,2,1,2.5,10.1,8.6,7.4,8,1,1,3.7,47.9
МО-А09,Регион А,Район-А09,2023,ноябрь,11,68250,0.24,711,665,17,29,4.08,12.4,7.8,4.3,10,2,0,3.6,49.7
МО-А09,Регион А,Район-А09,2023,декабрь,12,68250,0.24,109,101,3,5,4.59,11.5,6.8,6.4,7,2,0,2.9,56.4
МО-А09,Регион А,Район-А09,2024,январь,1,68250,0.24,149,135,7,7,4.7,8.7,8.0,5.1,6,2,1,6.2,48.8
МО-А09,Регион А,Район-А09,2024,февраль,2,68250,0.24,643,598,16,29,4.51,9.0,7.5,8.3,2,2,1,4.5,45.5
МО-А09,Регион А,Район-А09,2024,март,3,68250,0.24,311,282,18,11,3.54,9.3,8.3,4.4,4,1,0,3.6,37.9
МО-А09,Регион А,Район-А09,2024,апрель,4,68250,0.24,431,389,23,19,4.41,9.1,6.0,8.4,9,1,0,5.2,47.1
МО-А09,Регион А,Район-А09,2024,май,5,68250,0.24,402,372,16,14,3.48,11.3,8.7,8.6,9,1,0,3.2,46.3
МО-А09,Регион А,Район-А09,2024,июнь,6,68250,0.24,40,38,1,1,2.5,8.9,10.3,9.5,7,1,1,1.9,48.4
МО-А09,Регион А,Район-А09,2024,июль,7,68250,0.24,40,36,2,2,5.0,9.2,10.1,7.4,7,0,1,4.2,29.0
МО-А09,Регион А,Район-А09,2024,август,8,68250,0.24,235,220,7,8,3.4,8.8,5.8,8.6,7,0,0,2.4,48.1
МО-А09,Регион А,Район-А09,2024,сентябрь,9,68250,0.24,185,170,8,7,3.78,9.9,7.1,7.1,7,2,2,2.5,48.0
МО-А09,Регион А,Район-А09,2024,октябрь,10,68250,0.24,40,39,0,1,2.5,11.7,9.4,8.9,5,2,1,2.4,56.1
МО-А09,Регион А,Район-А09,2024,ноябрь,11,68250,0.24,40,38,1,0,0.0,9.2,9.3,8.1,6,3,2,1.3,46.8
МО-А09,Регион А,Район-А09,2024,декабрь,12,68250,0.24,189,173,9,7,3.7,9.8,10.2,8.5,6,3,1,3.9,52.6
МО-А10,Регион А,Район-А10,2023,январь,1,61694,0.214,110,102,4,4,3.64,6.7,5.3,4.9,5,1,1,6.0,51.3
МО-А10,Регион А,Район-А10,2023,февраль,2,61694,0.214,167,156,3,8,4.79,8.1,4.4,4.5,6,1,1,7.1,40.5
МО-А10,Регион А,Район-А10,2023,март,3,61694,0.214,40,38,1,1,2.5,6.6,5.0,5.4,6,1,1,3.2,51.7
МО-А10,Регион А,Район-А10,2023,апрель,4,61694,0.214,363,324,21,18,4.96,8.4,3.8,4.5,7,1,2,3.5,56.6
МО-А10,Регион А,Район-А10,2023,май,5,61694,0.214,411,379,13,19,4.62,7.5,5.2,4.9,8,0,1,5.5,62.4
МО-А10,Регион А,Район-А10,2023,июнь,6,61694,0.214,220,204,8,8,3.64,6.4,4.8,5.8,6,3,0,6.6,44.7
МО-А10,Регион А,Район-А10,2023,июль,7,61694,0.214,495,453,20,22,4.44,6.4,5.3,3.1,5,3,0,7.2,54.6
МО-А10,Регион А,Район-А10,2023,август,8,61694,0.214,504,463,17,24,4.76,8.5,3.9,3.2,6,3,1,6.2,52.4
МО-А10,Регион А,Район-А10,2023,сентябрь,9,61694,0.214,40,38,1,1,2.5,6.6,6.4,5.3,10,1,0,4.3,48.0
МО-А10,Регион А,Район-А10,2023,октябрь,10,61694,0.214,362,337,9,16,4.42,6.2,5.2,4.3,11,0,0,4.8,50.9
МО-А10,Регион А,Район-А10,2023,ноябрь,11,61694,0.214,190,174,9,7,3.68,8.0,6.0,3.0,9,2,0,5.4,50.3
МО-А10,Регион А,Район-А10,2023,декабрь,12,61694,0.214,40,37,1,2,5.0,8.5,3.7,4.3,9,0,1,4.4,56.7
МО-А10,Регион А,Район-А10,2024,январь,1,61694,0.214,261,237,13,11,4.21,8.5,4.0,5.8,6,1,1,3.2,39.4
МО-А10,Регион А,Район-А10,2024,февраль,2,61694,0.214,174,164,3,7,4.02,8.3,5.1,3.3,11,3,0,4.2,49.5
МО-А10,Регион А,Район-А10,2024,март,3,61694,0.214,40,37,2,1,2.5,6.8,3.7,5.3,8,2,1,4.9,51.2
МО-А10,Регион А,Район-А10,2024,апрель,4,61694,0.214,266,247,7,12,4.51,6.5,5.0,4.8,7,2,1,5.1,48.8
МО-А10,Регион А,Район-А10,2024,май,5,61694,0.214,487,439,25,23,4.72,8.0,7.1,5.6,6,1,1,1.1,48.7
МО-А10,Регион А,Район-А10,2024,июнь,6,61694,0.214,40,38,1,1,2.5,6.3,6.7,5.6,7,4,1,1.9,41.9
МО-А10,Регион А,Район-А10,2024,июль,7,61694,0.214,1038,944,48,46,4.43,6.4,6.5,6.1,7,5,1,5.0,59.8
МО-А10,Регион А,Район-А10,2024,август,8,61694,0.214,290,261,15,14,4.83,6.2,5.7,5.7,6,1,0,6.7,46.5
МО-А10,Регион А,Район-А10,2024,сентябрь,9,61694,0.214,581,540,15,26,4.48,8.5,6.7,4.6,7,1,1,5.3,50.9
МО-А10,Регион А,Район-А10,2024,октябрь,10,61694,0.214,279,254,15,10,3.58,6.3,4.0,5.4,10,3,0,4.3,46.0
МО-А10,Регион А,Район-А10,2024,ноябрь,11,61694,0.214,40,37,2,1,2.5,8.1,7.0,4.2,5,2,0,5.4,51.2
МО-А10,Регион А,Район-А10,2024,декабрь,12,61694,0.214,323,289,16,18,5.57,8.4,5.9,3.5,8,3,0,6.8,41.5
МО-А11,Регион А,Район-А11,2023,январь,1,60791,0.149,270,249,8,13,4.81,7.4,3.9,5.3,10,4,0,-0.9,62.3
МО-А11,Регион А,Район-А11,2023,февраль,2,60791,0.149,278,247,15,0,0.0,8.2,4.2,4.7,7,2,0,2.8,41.4
МО-А11,Регион А,Район-А11,2023,март,3,60791,0.149,385,355,9,21,5.45,7.5,5.6,5.8,7,1,1,2.9,49.2
МО-А11,Регион А,Район-А11,2023,апрель,4,60791,0.149,196,182,6,8,4.08,7.5,6.8,5.8,8,1,1,2.2,45.2
МО-А11,Регион А,Район-А11,2023,май,5,60791,0.149,40,37,1,2,5.0,6.0,3.7,5.7,8,1,1,3.4,43.1
МО-А11,Регион А,Район-А11,2023,июнь,6,60791,0.149,344,312,14,18,5.23,8.0,3.8,4.8,9,1,0,6.4,50.7
МО-А11,Регион А,Район-А11,2023,июль,7,60791,0.149,527,489,12,26,4.93,6.1,4.1,5.2,11,1,0,2.7,50.6
МО-А11,Регион А,Район-А11,2023,август,8,60791,0.149,210,189,11,10,4.76,5.9,4.7,4.2,8,1,1,2.0,40.7
МО-А11,Регион А,Район-А11,2023,сентябрь,9,60791,0.149,386,360,8,18,4.66,7.8,4.5,4.1,8,0,1,4.4,52.1
МО-А11,Регион А,Район-А11,2023,октябрь,10,60791,0.149,454,415,17,22,4.85,6.2,5.0,3.5,11,1,1,2.9,32.4
МО-А11,Регион А,Район-А11,2023,ноябрь,11,60791,0.149,442,394,26,22,4.98,7.1,5.3,5.6,8,2,0,-0.1,42.1
МО-А11,Регион А,Район-А11,2023,декабрь,12,60791,0.149,40,38,0,2,5.0,8.0,5.9,4.5,8,3,0,1.9,37.0
МО-А11,Регион А,Район-А11,2024,январь,1,60791,0.149,574,511,34,29,5.05,8.2,6.2,3.2,10,0,1,-1.9,58.2
МО-А11,Регион А,Район-А11,2024,февраль,2,60791,0.149,40,36,2,2,5.0,8.0,3.7,4.1,5,1,1,2.6,55.7
МО-А11,Регион А,Район-А11,2024,март,3,60791,0.149,576,523,23,30,5.21,6.7,4.9,3.3,5,0,0,6.0,38.3
МО-А11,Регион А,Район-А11,2024,апрель,4,60791,0.149,73,67,3,3,4.11,6.5,4.9,4.1,7,0,1,4.0,46.2
МО-А11,Регион А,Район-А11,2024,май,5,60791,0.149,460,427,9,24,5.22,8.0,4.6,3.6,10,1,0,3.1,46.0
МО-А11,Регион А,Район-А11,2024,июнь,6,60791,0.149,308,282,12,14,4.55,7.4,3.8,5.7,6,3,2,0.2,51.3
МО-А11,Регион А,Район-А11,2024,июль,7,60791,0.149,164,151,4,9,5.49,6.1,6.3,5.3,10,2,0,3.6,35.5
МО-А11,Регион А,Район-А11,2024,август,8,60791,0.149,344,319,8,17,4.94,7.8,6.5,2.9,9,2,2,3.4,41.5
МО-А11,Регион А,Район-А11,2024,сентябрь,9,60791,0.149,40,37,1,2,5.0,7.8,5.2,4.9,9,2,1,1.5,54.4
МО-А11,Регион А,Район-А11,2024,октябрь,10,60791,0.149,472,432,16,24,5.08,6.0,6.5,5.3,11,1,0,2.2,47.1
МО-А11,Регион А,Район-А11,2024,ноябрь,11,60791,0.149,40,37,1,2,5.0,7.4,4.4,4.2,5,3,1,2.9,45.0
МО-А11,Регион А,Район-А11,2024,декабрь,12,60791,0.149,575,531,11,33,5.74,6.2,6.2,3.8,6,3,0,1.6,47.9
МО-А12,Регион А,Район-А12,2023,январь,1,104475,0.229,116,105,5,6,5.17,9.9,6.1,4.0,12,1,0,4.9,43.4
МО-А12,Регион А,Район-А12,2023,февраль,2,104475,0.229,40,38,0,2,5.0,7.2,8.7,6.3,9,3,0,3.3,29.4
МО-А12,Регион А,Район-А12,2023,март,3,104475,0.229,258,230,14,14,5.43,9.8,7.9,6.1,12,1,0,3.7,38.2
МО-А12,Регион А,Район-А12,2023,апрель,4,104475,0.229,753,689,26,38,5.05,7.1,7.5,6.0,11,3,1,4.4,55.4
МО-А12,Регион А,Район-А12,2023,май,5,104475,0.229,595,540,23,32,5.38,10.0,8.1,7.4,6,2,1,4.9,54.5
МО-А12,Регион А,Район-А12,2023,июнь,6,104475,0.229,665,603,31,31,4.66,8.2,4.8,5.1,8,2,0,4.4,40.3
МО-А12,Регион А,Район-А12,2023,июль,7,104475,0.229,319,287,12,20,6.27,10.1,6.9,7.7,12,4,1,1.0,50.1
МО-А12,Регион А,Район-А12,2023,август,8,104475,0.229,40,37,2,1,2.5,7.5,5.3,5.3,12,0,0,2.8,48.1
МО-А12,Регион А,Район-А12,2023,сентябрь,9,104475,0.229,153,139,6,8,5.23,7.6,7.2,3.5,7,2,2,5.3,58.3
МО-А12,Регион А,Район-А12,2023,октябрь,10,104475,0.229,40,38,1,1,2.5,9.2,6.2,7.7,11,2,1,4.5,56.1
МО-А12,Регион А,Район-А12,2023,ноябрь,11,104475,0.229,807,739,22,46,5.7,9.4,7.1,4.6,11,2,0,5.1,54.8
МО-А12,Регион А,Район-А12,2023,декабрь,12,104475,0.229,80,73,2,5,6.25,8.0,7.6,6.1,10,1,2,5.4,46.8
МО-А12,Регион А,Район-А12,2024,январь,1,104475,0.229,749,666,43,40,5.34,10.2,6.2,4.5,10,2,0,3.9,39.7
МО-А12,Регион А,Район-А12,2024,февраль,2,104475,0.229,591,543,12,36,6.09,10.1,5.5,5.9,12,5,1,2.9,40.2
МО-А12,Регион А,Район-А12,2024,март,3,104475,0.229,1141,1043,40,58,5.08,8.9,6.5,4.2,11,2,0,3.4,59.5
МО-А12,Регион А,Район-А12,2024,апрель,4,104475,0.229,131,121,3,7,5.34,9.9,4.8,6.7,9,3,1,4.8,53.1
МО-А12,Регион А,Район-А12,2024,май,5,104475,0.229,474,436,13,25,5.27,9.5,5.7,3.7,12,2,1,5.3,46.3
МО-А12,Регион А,Район-А12,2024,июнь,6,104475,0.229,1127,1001,60,66,5.86,9.4,5.0,3.9,11,1,0,5.0,52.8
МО-А12,Регион А,Район-А12,2024,июль,7,104475,0.229,532,483,20,29,5.45,7.4,5.2,3.7,17,2,2,3.1,58.2
МО-А12,Регион А,Район-А12,2024,август,8,104475,0.229,1076,970,58,48,4.46,9.3,5.1,5.1,13,1,1,4.5,46.5
МО-А12,Регион А,Район-А12,2024,сентябрь,9,104475,0.229,480,428,28,24,5.0,8.0,6.1,7.2,10,3,0,4.3,43.3
МО-А12,Регион А,Район-А12,2024,октябрь,10,104475,0.229,287,263,7,17,5.92,8.5,7.0,7.0,10,2,0,3.0,52.9
МО-А12,Регион А,Район-А12,2024,ноябрь,11,104475,0.229,1128,997,66,65,5.76,7.5,8.4,4.0,11,2,1,4.0,53.2
МО-А12,Регион А,Район-А12,2024,декабрь,12,104475,0.229,126,113,5,8,6.35,9.0,8.7,6.4,0,2,1,3.9,45.1
МО-Б01,Регион Б,Район-Б01,2023,январь,1,65955,0.247,88,77,4,7,7.95,21.4,20.7,15.3,6,2,0,6.4,63.4
МО-Б01,Регион Б,Район-Б01,2023,февраль,2,65955,0.247,594,523,13,58,9.76,22.4,13.9,19.9,4,2,0,6.0,62.2
МО-Б01,Регион Б,Район-Б01,2023,март,3,65955,0.247,254,223,9,22,8.66,25.7,16.3,10.3,10,0,0,8.2,78.5
МО-Б01,Регион Б,Район-Б01,2023,апрель,4,65955,0.247,214,191,9,14,6.54,23.5,14.7,14.7,7,2,1,8.3,67.9
МО-Б01,Регион Б,Район-Б01,2023,май,5,65955,0.247,440,388,18,34,7.73,23.5,16.5,16.4,8,1,0,7.1,64.6
МО-Б01,Регион Б,Район-Б01,2023,июнь,6,65955,0.247,40,36,1,3,7.5,22.7,19.1,9.5,11,2,0,6.5,56.5
МО-Б01,Регион Б,Район-Б01,2023,июль,7,65955,0.247,574,496,32,46,8.01,21.5,16.4,17.8,9,1,0,4.0,76.6
МО-Б01,Регион Б,Район-Б01,2023,август,8,65955,0.247,449,394,17,38,8.46,23.9,22.0,10.5,5,0,0,10.3,76.5
МО-Б01,Регион Б,Район-Б01,2023,сентябрь,9,65955,0.247,420,364,23,33,7.86,19.6,17.7,17.2,6,2,0,4.5,54.6
МО-Б01,Регион Б,Район-Б01,2023,октябрь,10,65955,0.247,40,35,2,3,7.5,24.8,14.3,19.8,7,3,0,8.0,78.3
МО-Б01,Регион Б,Район-Б01,2023,ноябрь,11,65955,0.247,50,45,2,3,6.0,25.7,19.2,19.5,4,1,0,6.1,68.9
МО-Б01,Регион Б,Район-Б01,2023,декабрь,12,65955,0.247,40,35,1,4,10.0,26.6,16.9,16.8,10,1,0,6.0,82.2
МО-Б01,Регион Б,Район-Б01,2024,январь,1,65955,0.247,40,36,1,3,7.5,25.5,14.4,18.5,6,2,0,7.8,74.0
МО-Б01,Регион Б,Район-Б01,2024,февраль,2,65955,0.247,114,101,3,10,8.77,20.5,14.0,18.4,6,1,0,7.0,63.7
МО-Б01,Регион Б,Район-Б01,2024,март,3,65955,0.247,279,242,13,24,8.6,25.7,19.6,15.3,7,2,1,7.4,67.3
МО-Б01,Регион Б,Район-Б01,2024,апрель,4,65955,0.247,40,35,2,3,7.5,26.7,14.7,15.2,4,2,0,5.1,65.5
МО-Б01,Регион Б,Район-Б01,2024,май,5,65955,0.247,645,557,31,57,8.84,23.8,19.7,15.1,5,0,0,8.2,69.2
МО-Б01,Регион Б,Район-Б01,2024,июнь,6,65955,0.247,439,397,11,31,7.06,22.6,15.5,13.8,10,1,0,6.0,65.8
МО-Б01,Регион Б,Район-Б01,2024,июль,7,65955,0.247,40,36,1,3,7.5,20.9,11.8,19.5,10,0,0,5.0,67.0
МО-Б01,Регион Б,Район-Б01,2024,август,8,65955,0.247,40,36,1,3,7.5,19.6,12.0,14.7,10,0,0,7.9,67.5
МО-Б01,Регион Б,Район-Б01,2024,сентябрь,9,65955,0.247,287,258,8,21,7.32,24.7,17.2,20.2,9,3,0,9.2,72.7
МО-Б01,Регион Б,Район-Б01,2024,октябрь,10,65955,0.247,40,36,1,3,7.5,26.6,18.9,12.6,9,4,0,5.6,81.5
МО-Б01,Регион Б,Район-Б01,2024,ноябрь,11,65955,0.247,71,63,2,6,8.45,25.2,16.2,9.5,12,2,0,3.4,71.1
МО-Б01,Регион Б,Район-Б01,2024,декабрь,12,65955,0.247,629,561,12,56,8.9,18.6,18.8,17.7,12,2,0,8.5,68.9
МО-Б02,Регион Б,Район-Б02,2023,январь,1,79020,0.23,40,36,1,3,7.5,25.9,19.2,10.5,2,1,0,8.6,75.2
МО-Б02,Регион Б,Район-Б02,2023,февраль,2,79020,0.23,401,356,11,34,8.48,19.9,15.3,15.7,5,1,0,7.3,56.1
МО-Б02,Регион Б,Район-Б02,2023,март,3,79020,0.23,40,36,1,3,7.5,23.8,11.8,19.0,5,3,1,8.0,73.9
МО-Б02,Регион Б,Район-Б02,2023,апрель,4,79020,0.23,304,268,14,22,7.24,21.8,16.9,10.3,5,0,1,4.5,61.9
МО-Б02,Регион Б,Район-Б02,2023,май,5,79020,0.23,630,545,32,53,8.41,24.0,15.1,19.2,10,0,0,8.3,71.6
МО-Б02,Регион Б,Район-Б02,2023,июнь,6,79020,0.23,40,36,1,3,7.5,24.2,20.9,12.6,6,0,0,7.3,70.9
МО-Б02,Регион Б,Район-Б02,2023,июль,7,79020,0.23,400,360,10,30,7.5,24.6,20.4,18.2,11,4,0,6.3,74.3
МО-Б02,Регион Б,Район-Б02,2023,август,8,79020,0.23,226,200,11,15,6.64,21.9,14.6,10.2,8,1,0,5.8,56.1
МО-Б02,Регион Б,Район-Б02,2023,сентябрь,9,79020,0.23,84,76,2,6,7.14,22.7,17.2,12.8,9,1,1,9.3,69.2
МО-Б02,Регион Б,Район-Б02,2023,октябрь,10,79020,0.23,378,330,20,28,7.41,18.8,19.1,18.5,11,1,0,7.5,72.7
МО-Б02,Регион Б,Район-Б02,2023,ноябрь,11,79020,0.23,506,437,27,42,8.3,18.8,16.9,11.7,10,2,0,8.4,63.9
МО-Б02,Регион Б,Район-Б02,2023,декабрь,12,79020,0.23,164,145,5,14,8.54,22.8,21.0,14.9,7,0,0,5.6,71.6
МО-Б02,Регион Б,Район-Б02,2024,январь,1,79020,0.23,76,67,3,6,7.89,20.2,16.1,14.4,9,1,0,6.7,52.1
МО-Б02,Регион Б,Район-Б02,2024,февраль,2,79020,0.23,453,401,18,34,7.51,21.5,13.0,19.2,5,0,0,8.0,58.1
МО-Б02,Регион Б,Район-Б02,2024,март,3,79020,0.23,88,81,1,6,6.82,20.8,11.5,11.1,9,2,0,6.6,67.9
МО-Б02,Регион Б,Район-Б02,2024,апрель,4,79020,0.23,1325,1168,63,94,7.09,22.2,20.1,18.0,9,1,1,9.2,78.6
МО-Б02,Регион Б,Район-Б02,2024,май,5,79020,0.23,40,36,1,3,7.5,20.9,21.0,14.5,10,0,1,6.5,67.1
МО-Б02,Регион Б,Район-Б02,2024,июнь,6,79020,0.23,40,37,1,2,5.0,-1.0,18.1,11.1,6,2,1,8.0,58.5
МО-Б02,Регион Б,Район-Б02,2024,июль,7,79020,0.23,352,308,13,31,8.81,21.8,13.3,10.6,11,2,0,10.1,70.5
МО-Б02,Регион Б,Район-Б02,2024,август,8,79020,0.23,558,499,23,36,6.45,18.1,13.8,10.8,10,3,0,7.9,61.5
МО-Б02,Регион Б,Район-Б02,2024,сентябрь,9,79020,0.23,152,139,3,10,6.58,21.6,21.9,18.3,5,2,1,6.0,59.0
МО-Б02,Регион Б,Район-Б02,2024,октябрь,10,79020,0.23,370,330,11,29,7.84,24.0,14.8,13.8,6,1,0,7.6,73.5
МО-Б02,Регион Б,Район-Б02,2024,ноябрь,11,79020,0.23,494,439,18,37,7.49,18.9,12.1,14.0,11,1,0,8.6,54.1
МО-Б02,Регион Б,Район-Б02,2024,декабрь,12,79020,0.23,598,527,26,45,7.53,24.9,20.9,17.3,9,1,0,7.9,74.1
МО-Б03,Регион Б,Район-Б03,2023,январь,1,128599,0.416,40,35,2,3,7.5,16.0,13.3,12.9,10,2,0,6.8,61.5
МО-Б03,Регион Б,Район-Б03,2023,февраль,2,128599,0.416,40,36,1,3,7.5,19.3,11.8,8.3,11,2,0,5.5,62.1
МО-Б03,Регион Б,Район-Б03,2023,март,3,128599,0.416,1365,1221,44,100,7.33,15.9,9.7,12.2,11,2,1,4.9,62.4
МО-Б03,Регион Б,Район-Б03,2023,апрель,4,128599,0.416,273,244,9,20,7.33,18.7,12.5,9.8,14,2,0,5.7,69.9
МО-Б03,Регион Б,Район-Б03,2023,май,5,128599,0.416,139,123,6,10,7.19,18.5,12.2,12.6,8,3,0,5.1,67.0
МО-Б03,Регион Б,Район-Б03,2023,июнь,6,128599,0.416,40,37,1,2,5.0,19.9,8.4,7.5,10,4,1,5.7,66.0
МО-Б03,Регион Б,Район-Б03,2023,июль,7,128599,0.416,475,427,16,32,6.74,20.1,13.6,11.1,12,2,0,8.8,60.2
МО-Б03,Регион Б,Район-Б03,2023,август,8,128599,0.416,40,37,1,2,5.0,18.8,10.8,7.0,9,1,0,6.3,68.0
МО-Б03,Регион Б,Район-Б03,2023,сентябрь,9,128599,0.416,892,816,23,53,5.94,20.1,14.9,9.7,11,1,0,3.7,63.7
МО-Б03,Регион Б,Район-Б03,2023,октябрь,10,128599,0.416,682,602,36,44,6.45,19.6,11.3,14.8,11,2,1,7.4,81.7
МО-Б03,Регион Б,Район-Б03,2023,ноябрь,11,128599,0.416,40,38,0,2,5.0,13.9,10.9,14.7,10,3,0,8.1,45.6
МО-Б03,Регион Б,Район-Б03,2023,декабрь,12,128599,0.416,40,36,1,3,7.5,18.6,14.8,14.8,9,1,0,5.9,61.9
МО-Б03,Регион Б,Район-Б03,2024,январь,1,128599,0.416,607,522,36,49,8.07,18.0,10.3,9.4,11,3,0,9.0,62.9
МО-Б03,Регион Б,Район-Б03,2024,февраль,2,128599,0.416,431,374,22,35,8.12,14.0,16.2,10.7,12,1,1,5.7,75.3
МО-Б03,Регион Б,Район-Б03,2024,март,3,128599,0.416,40,37,1,2,5.0,18.4,15.7,8.5,7,3,0,5.5,59.4
МО-Б03,Регион Б,Район-Б03,2024,апрель,4,128599,0.416,1561,1375,72,114,7.3,17.6,14.8,11.3,13,3,0,4.9,55.0
МО-Б03,Регион Б,Район-Б03,2024,май,5,128599,0.416,1793,1583,71,139,7.75,20.1,16.1,9.1,10,3,1,8.7,69.9
МО-Б03,Регион Б,Район-Б03,2024,июнь,6,128599,0.416,40,37,1,2,5.0,18.1,9.9,14.9,11,2,0,6.1,61.0
МО-Б03,Регион Б,Район-Б03,2024,июль,7,128599,0.416,635,560,28,47,7.4,15.2,13.0,8.7,13,1,0,5.0,64.8
МО-Б03,Регион Б,Район-Б03,2024,август,8,128599,0.416,673,592,36,45,6.69,15.3,9.9,7.8,14,2,0,7.1,61.7
МО-Б03,Регион Б,Район-Б03,2024,сентябрь,9,128599,0.416,489,445,12,32,6.54,19.9,9.7,13.5,13,3,1,9.1,64.4
МО-Б03,Регион Б,Район-Б03,2024,октябрь,10,128599,0.416,40,36,1,3,7.5,17.2,13.2,10.1,10,2,0,6.8,52.4
МО-Б03,Регион Б,Район-Б03,2024,ноябрь,11,128599,0.416,40,37,1,2,5.0,17.2,16.2,8.9,9,3,0,8.8,45.6
МО-Б03,Регион Б,Район-Б03,2024,декабрь,12,128599,0.416,694,620,18,56,8.07,18.7,11.4,12.4,13,1,0,7.3,58.0
МО-Б04,Регион Б,Район-Б04,2023,январь,1,80462,0.299,138,125,3,10,7.25,27.6,16.4,17.6,9,0,0,8.2,78.5
МО-Б04,Регион Б,Район-Б04,2023,февраль,2,80462,0.299,316,283,9,24,7.59,26.0,15.6,15.3,8,2,0,4.1,63.2
МО-Б04,Регион Б,Район-Б04,2023,март,3,80462,0.299,48,43,2,3,6.25,26.2,23.9,18.4,7,2,0,7.9,76.1
МО-Б04,Регион Б,Район-Б04,2023,апрель,4,80462,0.299,635,573,22,40,6.3,27.2,13.3,13.1,5,2,1,8.4,71.3
МО-Б04,Регион Б,Район-Б04,2023,май,5,80462,0.299,273,247,6,20,7.33,27.9,12.6,18.0,8,2,0,3.4,80.1
МО-Б04,Регион Б,Район-Б04,2023,июнь,6,80462,0.299,40,36,2,2,5.0,26.5,14.5,17.2,6,0,0,5.8,70.9
МО-Б04,Регион Б,Район-Б04,2023,июль,7,80462,0.299,46,42,1,3,6.52,27.6,17.7,14.3,5,1,1,10.2,76.4
МО-Б04,Регион Б,Район-Б04,2023,август,8,80462,0.299,481,437,9,35,7.28,28.7,23.9,15.7,5,2,0,7.2,83.6
МО-Б04,Регион Б,Район-Б04,2023,сентябрь,9,80462,0.299,656,582,27,47,7.16,23.5,14.3,18.9,7,1,0,7.3,78.6
МО-Б04,Регион Б,Район-Б04,2023,октябрь,10,80462,0.299,313,271,16,26,8.31,26.4,15.8,19.0,10,2,0,8.0,70.6
МО-Б04,Регион Б,Район-Б04,2023,ноябрь,11,80462,0.299,127,115,3,9,7.09,25.8,14.6,10.1,9,2,0,7.7,77.1
МО-Б04,Регион Б,Район-Б04,2023,декабрь,12,80462,0.299,191,170,5,16,8.38,21.1,18.4,14.0,10,1,1,9.1,66.5
МО-Б04,Регион Б,Район-Б04,2024,январь,1,80462,0.299,360,308,20,32,8.89,20.2,21.8,10.7,5,1,0,8.9,52.9
МО-Б04,Регион Б,Район-Б04,2024,февраль,2,80462,0.299,365,323,10,32,8.77,27.3,17.7,18.9,6,2,0,7.7,66.3
МО-Б04,Регион Б,Район-Б04,2024,март,3,80462,0.299,720,641,23,56,7.78,22.8,20.0,10.4,6,2,0,7.4,80.6
МО-Б04,Регион Б,Район-Б04,2024,апрель,4,80462,0.299,534,476,15,43,8.05,20.8,20.1,13.8,11,2,0,9.4,68.978
МО-Б04,Регион Б,Район-Б04,2024,май,5,80462,0.299,385,340,15,30,7.79,25.5,16.9,10.9,7,2,0,4.9,55.237
МО-Б04,Регион Б,Район-Б04,2024,июнь,6,80462,0.299,831,740,38,53,6.38,26.6,22.0,11.4,7,2,2,8.0,61.8
МО-Б04,Регион Б,Район-Б04,2024,июль,7,80462,0.299,416,366,19,31,7.45,23.2,13.9,20.9,5,0,0,6.8,81.7
МО-Б04,Регион Б,Район-Б04,2024,август,8,80462,0.299,363,321,17,25,6.89,22.4,22.5,21.1,8,1,0,8.1,74.1
МО-Б04,Регион Б,Район-Б04,2024,сентябрь,9,80462,0.299,235,211,10,14,5.96,23.4,14.6,10.1,9,2,0,7.6,82.9
МО-Б04,Регион Б,Район-Б04,2024,октябрь,10,80462,0.299,40,37,1,2,5.0,24.6,19.1,17.4,5,1,1,8.8,78.1
МО-Б04,Регион Б,Район-Б04,2024,ноябрь,11,80462,0.299,966,850,53,63,6.52,21.7,18.3,11.0,8,0,0,6.4,59.4
МО-Б04,Регион Б,Район-Б04,2024,декабрь,12,80462,0.299,175,155,7,13,7.43,20.4,23.7,12.4,5,0,0,9.8,72.5
МО-Б05,Регион Б,Район-Б05,2023,январь,1,22559,0.261,208,181,7,20,9.62,14.8,13.3,12.6,9,2,0,9.9,60.1
МО-Б05,Регион Б,Район-Б05,2023,февраль,2,22559,0.261,344,302,16,26,7.56,15.8,9.3,10.3,7,2,1,9.8,70.7
МО-Б05,Регион Б,Район-Б05,2023,март,3,22559,0.261,40,36,1,3,7.5,15.3,13.0,13.1,9,2,0,7.6,62.2
МО-Б05,Регион Б,Район-Б05,2023,апрель,4,22559,0.261,296,264,10,22,7.43,14.4,15.5,8.8,14,1,1,6.5,62.0
МО-Б05,Регион Б,Район-Б05,2023,май,5,22559,0.261,40,36,2,2,5.0,18.2,9.8,13.7,7,1,0,8.1,39.7
МО-Б05,Регион Б,Район-Б05,2023,июнь,6,22559,0.261,40,36,1,3,7.5,14.3,9.5,12.9,7,4,0,8.3,50.5
МО-Б05,Регион Б,Район-Б05,2023,июль,7,22559,0.261,40,36,1,3,7.5,12.7,10.6,7.3,7,1,1,9.0,68.6
МО-Б05,Регион Б,Район-Б05,2023,август,8,22559,0.261,170,148,8,14,8.24,17.0,14.0,7.6,9,2,0,5.8,52.5
МО-Б05,Регион Б,Район-Б05,2023,сентябрь,9,22559,0.261,40,36,1,3,7.5,13.0,8.2,12.2,7,1,1,6.1,62.6
МО-Б05,Регион Б,Район-Б05,2023,октябрь,10,22559,0.261,130,115,5,10,7.69,12.5,13.8,9.2,7,2,0,7.9,52.6
МО-Б05,Регион Б,Район-Б05,2023,ноябрь,11,22559,0.261,40,37,1,2,5.0,14.9,11.3,10.9,8,1,0,8.3,65.1
МО-Б05,Регион Б,Район-Б05,2023,декабрь,12,22559,0.261,106,95,2,9,8.49,14.9,8.5,10.1,9,2,0,10.0,65.0
МО-Б05,Регион Б,Район-Б05,2024,янврь,1,22559,0.261,40,36,1,3,7.5,17.0,9.7,6.8,9,2,0,9.3,58.9
МО-Б05,Регион Б,Район-Б05,2024,февраль,2,22559,0.261,40,36,1,3,7.5,16.2,8.0,8.6,6,3,0,10.3,58.8
МО-Б05,Регион Б,Район-Б05,2024,март,3,22559,0.261,96,86,2,8,8.33,14.8,13.7,12.9,9,2,0,12.0,51.4
МО-Б05,Регион Б,Район-Б05,2024,апрель,4,22559,0.261,217,193,10,14,6.45,13.2,11.3,6.4,6,2,1,9.2,64.1
МО-Б05,Регион Б,Район-Б05,2024,май,5,22559,0.261,68,62,1,5,7.35,16.8,7.9,10.8,11,2,0,9.3,65.9
МО-Б05,Регион Б,Район-Б05,2024,июнь,6,22559,0.261,113,101,5,7,6.19,12.5,10.8,8.3,6,3,0,8.9,52.6
МО-Б05,Регион Б,Район-Б05,2024,июль,7,22559,0.261,185,165,6,14,7.57,18.5,8.6,8.7,6,3,0,9.4,71.4
МО-Б05,Регион Б,Район-Б05,2024,август,8,22559,0.261,40,37,1,2,5.0,15.8,10.4,9.3,9,2,0,7.4,67.7
МО-Б05,Регион Б,Район-Б05,2024,сентябрь,9,22559,0.261,102,90,5,7,6.86,16.4,14.6,13.2,14,2,0,7.6,57.4
МО-Б05,Регион Б,Район-Б05,2024,октябрь,10,22559,0.261,214,192,5,17,7.94,14.8,15.3,11.0,12,1,0,8.8,61.8
МО-Б05,Регион Б,Район-Б05,2024,ноябрь,11,22559,0.261,318,282,13,23,7.23,13.7,8.9,10.4,7,2,0,7.9,67.2
МО-Б05,Регион Б,Район-Б05,2024,декабрь,12,22559,0.261,40,34,2,4,10.0,13.4,15.1,13.4,8,1,1,9.4,53.8
МО-Б06,Регион Б,Район-Б06,2023,январь,1,114658,0.244,40,35,2,3,7.5,20.5,12.6,10.8,14,0,0,8.8,54.3
МО-Б06,Регион Б,Район-Б06,2023,февраль,2,114658,0.244,233,213,6,14,6.01,19.7,14.4,9.5,14,2,0,6.3,76.7
МО-Б06,Регион Б,Район-Б06,2023,март,3,114658,0.244,40,37,1,2,5.0,18.6,15.3,10.5,13,3,0,6.7,66.9
МО-Б06,Регион Б,Район-Б06,2023,апрель,4,114658,0.244,1337,1222,41,74,5.53,17.2,15.5,15.9,11,2,0,9.9,50.5
МО-Б06,Регион Б,Район-Б06,2023,май,5,114658,0.244,828,747,31,50,6.04,16.0,12.5,7.5,9,2,0,5.2,69.2
МО-Б06,Регион Б,Район-Б06,2023,июнь,6,114658,0.244,345,305,18,22,6.38,19.9,13.6,11.2,8,2,0,7.8,64.6
МО-Б06,Регион Б,Район-Б06,2023,июль,7,114658,0.244,40,37,1,2,5.0,18.8,9.4,9.7,13,2,0,6.8,55.3
МО-Б06,Регион Б,Район-Б06,2023,август,8,114658,0.244,40,37,1,2,5.0,15.3,16.3,11.2,12,2,0,6.6,39.4
МО-Б06,Регион Б,Район-Б06,2023,сентябрь,9,114658,0.244,279,252,10,17,6.09,15.5,14.2,13.5,10,3,1,6.0,70.5
МО-Б06,Регион Б,Район-Б06,2023,октябрь,10,114658,0.244,1236,1121,30,85,6.88,15.1,12.9,10.4,9,1,0,6.5,48.4
МО-Б06,Регион Б,Район-Б06,2023,ноябрь,11,114658,0.244,913,810,46,57,6.24,20.8,14.0,13.0,10,3,1,7.0,77.6
МО-Б06,Регион Б,Район-Б06,2023,декабрь,12,114658,0.244,40,36,1,3,7.5,18.7,10.0,8.3,12,3,1,6.0,71.9
МО-Б06,Регион Б,Район-Б06,2024,январь,1,114658,0.244,823,728,45,50,6.08,16.0,14.2,11.4,9,2,0,5.1,55.5
МО-Б06,Регион Б,Район-Б06,2024,февраль,2,114658,0.244,40,36,2,2,5.0,14.6,10.2,13.0,10,4,0,4.6,43.7
МО-Б06,Регион Б,Район-Б06,2024,март,3,114658,0.244,40,37,1,2,5.0,15.5,14.9,12.6,15,2,0,6.2,53.4
МО-Б06,Регион Б,Район-Б06,2024,апрель,4,114658,0.244,40,38,0,2,5.0,16.4,12.2,10.5,11,3,0,4.8,57.5
МО-Б06,Регион Б,Район-Б06,2024,май,5,114658,0.244,968,871,39,58,5.99,18.0,15.1,12.6,13,4,1,3.0,44.9
МО-Б06,Регион Б,Район-Б06,2024,июнь,6,114658,0.244,40,36,2,2,5.0,16.3,14.3,10.0,11,0,0,5.5,62.8
МО-Б06,Регион Б,Район-Б06,2024,июль,7,114658,0.244,40,36,1,3,7.5,15.6,14.4,13.5,10,2,0,8.1,60.1
МО-Б06,Регион Б,Район-Б06,2024,август,8,114658,0.244,1203,1047,72,84,6.98,17.2,11.9,12.1,13,2,0,6.4,67.0
МО-Б06,Регион Б,Район-Б06,2024,сентябрь,9,114658,0.244,505,457,16,32,6.34,14.3,15.0,10.2,9,2,0,6.9,57.4
МО-Б06,Регион Б,Район-Б06,2024,октябрь,10,114658,0.244,129,114,7,8,6.2,20.0,14.7,11.4,12,1,0,4.7,63.3
МО-Б06,Регион Б,Район-Б06,2024,ноябрь,11,114658,0.244,507,445,27,35,6.9,16.4,15.4,9.9,9,2,0,5.0,46.4
МО-Б06,Регион Б,Район-Б06,2024,декабрь,12,114658,0.244,790,701,24,65,8.23,14.5,17.7,12.7,0,3,0,4.5,63.6
МО-Б07,Регион Б,Район-Б07,2023,январь,1,153698,0.268,1357,1201,44,112,8.25,13.8,12.0,11.1,8,2,1,9.3,54.0
МО-Б07,Регион Б,Район-Б07,2023,февраль,2,153698,0.268,391,339,19,33,8.44,19.9,12.3,7.0,12,1,0,9.6,81.7
МО-Б07,Регион Б,Район-Б07,2023,март,3,153698,0.268,409,369,10,30,7.33,19.6,15.5,14.8,8,2,0,8.1,55.6
МО-Б07,Регион Б,Район-Б07,2023,апрель,4,153698,0.268,300,266,17,17,5.67,18.3,13.6,7.6,8,2,0,6.2,60.9
МО-Б07,Регион Б,Район-Б07,2023,май,5,153698,0.268,126,111,7,8,6.35,15.8,10.2,9.2,13,2,1,9.0,61.8
МО-Б07,Регион Б,Район-Б07,2023,июнь,6,153698,0.268,492,438,19,35,7.11,15.0,11.5,9.5,11,3,1,8.1,63.4
МО-Б07,Регион Б,Район-Б07,2023,июль,7,153698,0.268,1467,1303,55,0,0.0,14.5,12.5,12.6,12,3,0,7.5,59.0
МО-Б07,Регион Б,Район-Б07,2023,август,8,153698,0.268,40,36,1,3,7.5,17.8,11.2,13.8,9,2,0,4.4,57.2
МО-Б07,Регион Б,Район-Б07,2023,сентябрь,9,153698,0.268,543,482,28,33,6.08,19.9,12.5,10.7,8,2,0,7.3,66.1
МО-Б07,Регион Б,Район-Б07,2023,октябрь,10,153698,0.268,762,664,43,55,7.22,16.3,14.5,12.5,15,3,0,8.0,60.0
МО-Б07,Регион Б,Район-Б07,2023,ноябрь,11,153698,0.268,40,37,1,2,5.0,18.9,13.7,7.9,11,4,1,8.7,56.5
МО-Б07,Регион Б,Район-Б07,2023,декабрь,12,153698,0.268,40,36,1,3,7.5,16.4,13.8,11.5,8,3,0,6.9,72.0
МО-Б07,Регион Б,Район-Б07,2024,январь,1,153698,0.268,40,35,2,3,7.5,17.3,10.5,12.5,9,4,1,6.8,56.8
МО-Б07,Регион Б,Район-Б07,2024,февраль,2,153698,0.268,40,35,2,3,7.5,14.8,16.7,7.4,9,4,1,8.5,49.5
МО-Б07,Регион Б,Район-Б07,2024,март,3,153698,0.268,40,36,2,2,5.0,19.7,16.2,12.2,11,3,0,9.4,72.5
МО-Б07,Регион Б,Район-Б07,2024,апрель,4,153698,0.268,40,37,1,2,5.0,15.8,13.4,14.6,12,1,1,4.4,67.8
МО-Б07,Регион Б,Район-Б07,2024,май,5,153698,0.268,326,288,19,19,5.83,16.4,9.6,9.3,11,1,1,10.6,63.7
МО-Б07,Регион Б,Район-Б07,2024,июнь,6,153698,0.268,824,716,45,63,7.65,15.2,14.5,10.2,9,2,1,7.0,64.6
МО-Б07,Регион Б,Район-Б07,2024,июль,7,153698,0.268,56,52,1,3,5.36,19.9,15.7,8.1,9,4,0,8.7,67.2
МО-Б07,Регион Б,Район-Б07,2024,август,8,153698,0.268,1734,1550,64,120,6.92,20.4,9.2,12.3,11,1,0,8.8,55.0
МО-Б07,Регион Б,Район-Б07,2024,сентябрь,9,153698,0.268,80,72,3,5,6.25,16.7,11.5,8.4,11,1,0,9.0,55.2
МО-Б07,Регион Б,Район-Б07,2024,октябрь,10,153698,0.268,40,37,1,2,5.0,20.3,13.4,12.8,11,3,0,8.0,61.3
МО-Б07,Регион Б,Район-Б07,2024,ноябрь,11,153698,0.268,253,221,12,20,7.91,16.8,9.2,14.4,5,3,0,8.1,39.9
МО-Б07,Регион Б,Район-Б07,2024,декабрь,12,153698,0.268,1472,1300,47,125,8.49,14.0,11.4,13.4,12,1,0,5.9,58.5
МО-Б08,Регион Б,Район-Б08,2023,январь,1,104301,0.336,40,36,1,3,7.5,22.3,26.3,21.2,10,1,0,9.6,71.9
МО-Б08,Регион Б,Район-Б08,2023,февраль,2,104301,0.336,430,369,22,39,9.07,28.8,17.6,12.1,8,0,0,7.8,82.4
МО-Б08,Регион Б,Район-Б08,2023,март,3,104301,0.336,148,137,3,8,5.41,23.8,21.8,13.0,11,0,0,7.8,83.1
МО-Б08,Регион Б,Район-Б08,2023,апрель,4,104301,0.336,40,36,1,3,7.5,22.8,15.7,23.7,8,2,1,10.6,68.6
МО-Б08,Регион Б,Район-Б08,2023,май,5,104301,0.336,390,351,11,28,7.18,30.0,18.4,19.8,10,2,0,8.7,87.0
МО-Б08,Регион Б,Район-Б08,2023,июнь,6,104301,0.336,73,65,3,5,6.85,26.1,23.4,17.5,11,3,1,11.4,75.5
МО-Б08,Регион Б,Район-Б08,2023,июль,7,104301,0.336,40,36,1,3,7.5,22.4,26.3,19.7,8,3,0,10.6,60.8
МО-Б08,Регион Б,Район-Б08,2023,август,8,104301,0.336,138,124,6,8,5.8,26.2,24.3,21.2,9,1,0,8.5,81.1
МО-Б08,Регион Б,Район-Б08,2023,сентябрь,9,104301,0.336,227,201,10,16,7.05,31.0,13.9,12.3,6,2,0,8.2,87.9
МО-Б08,Регион Б,Район-Б08,2023,октябрь,10,104301,0.336,387,342,22,23,5.94,29.1,25.1,24.0,8,0,0,10.1,89.4
МО-Б08,Регион Б,Район-Б08,2023,нобярь,11,104301,0.336,869,764,37,68,7.83,32.5,26.0,20.5,10,1,1,10.0,79.3
МО-Б08,Регион Б,Район-Б08,2023,декабрь,12,104301,0.336,718,623,40,55,7.66,30.3,18.1,13.2,7,3,0,7.0,85.3
МО-Б08,Регион Б,Район-Б08,2024,январь,1,104301,0.336,1557,1385,58,114,7.32,27.3,26.4,19.3,9,2,1,9.6,86.7
МО-Б08,Регион Б,Район-Б08,2024,февраль,2,104301,0.336,495,427,24,44,8.89,23.0,14.7,18.8,10,1,1,8.7,66.8
МО-Б08,Регион Б,Район-Б08,2024,март,3,104301,0.336,40,37,1,2,5.0,29.6,26.1,18.8,4,0,0,6.4,79.9
МО-Б08,Регион Б,Район-Б08,2024,апрель,4,104301,0.336,853,753,35,65,7.62,21.9,26.8,22.2,5,0,0,9.3,64.9
МО-Б08,Регион Б,Район-Б08,2024,май,5,104301,0.336,128,112,7,9,7.03,22.9,21.0,24.1,6,2,0,8.2,57.9
МО-Б08,Регион Б,Район-Б08,2024,июнь,6,104301,0.336,413,374,11,28,6.78,29.5,26.0,19.6,8,1,0,6.3,69.6
МО-Б08,Регион Б,Район-Б08,2024,июль,7,104301,0.336,565,494,24,47,8.32,27.3,14.6,18.4,9,1,1,8.8,68.4
МО-Б08,Регион Б,Район-Б08,2024,август,8,104301,0.336,490,435,25,30,6.12,22.4,15.3,22.0,7,1,0,6.7,53.9
МО-Б08,Регион Б,Район-Б08,2024,сентябрь,9,104301,0.336,754,678,16,60,7.96,23.5,22.6,17.4,10,2,0,7.7,66.2
МО-Б08,Регион Б,Район-Б08,2024,октябрь,10,104301,0.336,426,376,22,28,6.57,26.9,16.0,19.1,8,2,0,5.3,75.6
МО-Б08,Регион Б,Район-Б08,2024,ноябрь,11,104301,0.336,520,458,27,35,6.73,32.7,23.0,15.4,11,3,0,9.8,95.6
МО-Б08,Регион Б,Район-Б08,2024,декабрь,12,104301,0.336,584,518,19,47,8.05,23.2,15.6,16.6,4,1,0,4.8,76.7
МО-Б09,Регион Б,Район-Б09,2023,январь,1,48464,0.253,269,238,11,20,7.43,23.3,10.7,13.5,7,2,0,11.5,76.1
МО-Б09,Регион Б,Район-Б09,2023,февраль,2,48464,0.253,352,309,17,26,7.39,22.6,12.7,15.1,5,0,0,11.6,64.7
МО-Б09,Регион Б,Район-Б09,2023,март,3,48464,0.253,309,274,17,18,5.83,22.1,18.7,12.0,7,2,0,11.1,74.8
МО-Б09,Регион Б,Район-Б09,2023,апрель,4,48464,0.253,350,314,14,22,6.29,18.6,18.6,15.3,8,1,0,10.4,51.3
МО-Б09,Регион Б,Район-Б09,2023,май,5,48464,0.253,431,388,20,23,5.34,17.2,17.3,11.4,6,0,0,10.6,48.1
МО-Б09,Регион Б,Район-Б09,2023,июнь,6,48464,0.253,544,493,14,37,6.8,23.4,15.6,9.6,8,3,0,8.6,66.2
МО-Б09,Регион Б,Район-Б09,2023,июль,7,48464,0.253,276,245,14,17,6.16,19.5,11.5,16.1,10,2,0,10.0,73.1
МО-Б09,Регион Б,Район-Б09,2023,август,8,48464,0.253,40,36,2,2,5.0,20.6,14.6,9.8,7,1,0,10.7,65.1
МО-Б09,Регион Б,Район-Б09,2023,сентябрь,9,48464,0.253,420,388,10,22,5.24,23.9,15.3,10.2,9,0,1,7.6,62.3
МО-Б09,Регион Б,Район-Б09,2023,октябрь,10,48464,0.253,40,36,2,2,5.0,24.0,11.4,17.4,5,0,0,7.3,62.7
МО-Б09,Регион Б,Район-Б09,2023,ноябрь,11,48464,0.253,90,83,2,5,5.56,19.5,16.6,17.8,10,1,0,9.6,63.9
МО-Б09,Регион Б,Район-Б09,2023,декабрь,12,48464,0.253,230,204,11,15,6.52,17.1,16.1,13.4,7,2,0,8.6,62.4
МО-Б09,Регион Б,Район-Б09,2024,январь,1,48464,0.253,125,109,7,9,7.2,17.9,13.6,15.2,7,2,0,8.9,73.6
МО-Б09,Регион Б,Район-Б09,2024,февраль,2,48464,0.253,413,375,15,23,5.57,23.3,19.7,12.7,4,2,0,7.6,72.5
МО-Б09,Регион Б,Район-Б09,2024,март,3,48464,0.253,220,199,7,14,6.36,17.1,15.0,11.2,6,2,0,10.4,47.1
МО-Б09,Регион Б,Район-Б09,2024,апрель,4,48464,0.253,598,547,13,38,6.35,24.7,17.6,17.7,9,2,0,8.6,60.879
МО-Б09,Регион Б,Район-Б09,2024,май,5,48464,0.253,301,272,14,15,4.98,18.5,20.8,10.9,9,2,0,11.5,53.508
МО-Б09,Регион Б,Район-Б09,2024,июнь,6,48464,0.253,322,293,9,20,6.21,19.8,13.3,15.5,6,1,0,8.7,72.3
МО-Б09,Регион Б,Район-Б09,2024,июль,7,48464,0.253,40,37,1,2,5.0,21.3,13.6,14.9,7,2,0,11.0,49.2
МО-Б09,Регион Б,Район-Б09,2024,август,8,48464,0.253,629,578,14,37,5.88,24.3,13.5,18.4,8,2,0,9.1,62.6
МО-Б09,Регион Б,Район-Б09,2024,сентябрь,9,48464,0.253,369,335,11,23,6.23,24.9,16.2,9.8,5,1,1,8.9,67.1
МО-Б09,Регион Б,Район-Б09,2024,октябрь,10,48464,0.253,614,545,35,34,5.54,22.2,14.8,12.0,8,1,0,7.8,61.5
МО-Б09,Регион Б,Район-Б09,2024,ноябрь,11,48464,0.253,305,281,7,17,5.57,23.4,12.3,11.1,5,0,0,9.8,67.6
МО-Б09,Регион Б,Район-Б09,2024,декабрь,12,48464,0.253,40,36,2,2,5.0,22.8,13.5,18.6,8,2,0,9.3,65.2
МО-Б10,Регион Б,Район-Б10,2023,январь,1,113229,0.31,389,351,9,29,7.46,15.0,9.8,11.3,11,3,0,7.9,63.9
МО-Б10,Регион Б,Район-Б10,2023,февраль,2,113229,0.31,50,45,2,3,6.0,16.0,12.5,7.9,10,1,0,11.2,59.4
МО-Б10,Регион Б,Район-Б10,2023,март,3,113229,0.31,879,779,34,66,7.51,15.2,16.1,14.8,10,2,0,5.7,50.9
МО-Б10,Регион Б,Район-Б10,2023,апрель,4,113229,0.31,40,35,2,3,7.5,14.2,12.9,9.2,12,1,1,8.1,57.5
МО-Б10,Регион Б,Район-Б10,2023,май,5,113229,0.31,1140,1025,32,83,7.28,19.5,10.6,6.8,12,1,0,8.4,61.2
МО-Б10,Регион Б,Район-Б10,2023,июнь,6,113229,0.31,40,37,1,2,5.0,19.6,15.9,9.6,11,3,1,7.8,70.0
МО-Б10,Регион Б,Район-Б10,2023,июль,7,113229,0.31,263,225,14,24,9.13,13.9,14.4,10.3,13,4,0,8.1,69.9
МО-Б10,Регион Б,Район-Б10,2023,август,8,113229,0.31,961,861,24,76,7.91,17.2,9.0,8.4,10,0,0,9.3,60.6
МО-Б10,Регион Б,Район-Б10,2023,сентябрь,9,113229,0.31,1298,1170,47,81,6.24,19.4,11.7,11.3,10,2,0,9.4,68.0
МО-Б10,Регион Б,Район-Б10,2023,октябрь,10,113229,0.31,40,36,2,2,5.0,18.8,10.8,11.3,12,2,0,9.9,63.3
МО-Б10,Регион Б,Район-Б10,2023,ноябрь,11,113229,0.31,1410,1246,65,99,7.02,19.2,11.8,10.7,10,2,0,9.6,68.2
МО-Б10,Регион Б,Район-Б10,2023,декабрь,12,113229,0.31,587,512,25,50,8.52,17.0,15.5,11.9,11,1,0,10.1,67.0
МО-Б10,Регион Б,Район-Б10,2024,январь,1,113229,0.31,40,38,0,2,5.0,15.4,15.6,7.8,9,3,0,5.9,66.6
МО-Б10,Регион Б,Район-Б10,2024,февраль,2,113229,0.31,88,76,5,7,7.95,16.7,14.7,8.2,12,4,1,5.8,55.6
МО-Б10,Регион Б,Район-Б10,2024,март,3,113229,0.31,776,688,36,52,6.7,17.9,9.1,11.5,8,2,0,7.3,61.0
МО-Б10,Регион Б,Район-Б10,2024,апрель,4,113229,0.31,40,37,0,3,7.5,14.3,10.1,8.2,11,3,0,9.6,47.9
МО-Б10,Регион Б,Район-Б10,2024,май,5,113229,0.31,40,37,0,3,7.5,16.4,8.9,13.4,10,3,0,8.2,66.6
МО-Б10,Регион Б,Район-Б10,2024,июнь,6,113229,0.31,863,757,43,63,7.3,15.6,14.2,6.9,7,3,0,9.3,54.9
МО-Б10,Регион Б,Район-Б10,2024,июль,7,н/д,0.31,420,382,9,29,6.9,17.9,14.8,7.3,12,3,0,9.4,62.9
МО-Б10,Регион Б,Район-Б10,2024,август,8,113229,0.31,559,512,13,34,6.08,15.0,8.9,12.2,8,2,0,9.6,54.9
МО-Б10,Регион Б,Район-Б10,2024,сентябрь,9,113229,0.31,671,611,15,45,6.71,18.9,16.1,14.5,10,2,0,6.3,63.3
МО-Б10,Регион Б,Район-Б10,2024,октябрь,10,113229,0.31,415,372,17,26,6.27,13.4,10.1,8.2,13,2,1,4.8,50.1
МО-Б10,Регион Б,Район-Б10,2024,ноябрь,11,113229,0.31,697,615,33,49,7.03,15.7,13.2,10.3,12,3,0,7.8,64.7
МО-Б10,Регион Б,Район-Б10,2024,декабрь,12,113229,0.31,467,408,27,32,6.85,14.1,9.2,7.8,12,2,0,8.3,55.3
МО-Б11,Регион Б,Район-Б11,2023,январь,1,102543,0.273,221,198,9,14,6.33,23.6,25.3,15.9,8,1,0,10.1,66.3
МО-Б11,Регион Б,Район-Б11,2023,февраль,2,102543,0.273,1232,1091,58,83,6.74,22.3,25.5,16.5,8,2,0,9.2,65.6
МО-Б11,Регион Б,Район-Б11,2023,март,3,102543,0.273,663,607,15,41,6.18,29.9,25.3,11.1,8,2,0,5.8,66.1
МО-Б11,Регион Б,Район-Б11,2023,апрель,4,102543,0.273,1043,944,32,67,6.42,27.7,20.2,13.7,9,2,0,8.2,81.9
МО-Б11,Регион Б,Район-Б11,2023,май,5,102543,0.273,40,37,1,2,5.0,28.3,14.2,13.4,5,0,0,10.0,80.2
МО-Б11,Регион Б,Район-Б11,2023,июнь,6,102543,0.273,524,461,30,33,6.3,24.4,21.5,12.2,7,1,0,11.8,77.8
МО-Б11,Регион Б,Район-Б11,2023,июль,7,102543,0.273,442,395,20,27,6.11,25.5,16.1,14.6,3,2,0,9.9,72.7
МО-Б11,Регион Б,Район-Б11,2023,август,8,102543,0.273,40,37,1,2,5.0,24.3,18.7,10.6,9,0,0,8.8,83.3
МО-Б11,Регион Б,Район-Б11,2023,сентябрь,9,102543,0.273,66,60,2,4,6.06,21.6,21.4,18.7,7,1,0,6.6,69.8
МО-Б11,Регион Б,Район-Б11,2023,октябрь,10,102543,0.273,40,36,2,2,5.0,26.8,17.3,22.7,7,1,0,12.3,79.5
МО-Б11,Регион Б,Район-Б11,2023,ноябрь,11,102543,0.273,40,36,2,2,5.0,23.9,14.0,14.6,9,1,0,9.0,65.7
МО-Б11,Регион Б,Район-Б11,2023,декабрь,12,102543,0.273,40,37,0,3,7.5,23.6,17.1,10.5,5,1,1,10.8,62.6
МО-Б11,Регион Б,Район-Б11,2024,январь,1,102543,0.273,670,593,29,48,7.16,30.5,17.6,15.2,6,0,0,11.4,87.8
МО-Б11,Регион Б,Район-Б11,2024,февраль,2,102543,0.273,40,37,1,2,5.0,26.7,17.4,15.8,9,0,0,10.2,60.1
МО-Б11,Регион Б,Район-Б11,2024,март,3,102543,0.273,40,36,2,2,5.0,24.6,15.7,19.7,6,3,1,10.7,76.0
МО-Б11,Регион Б,Район-Б11,2024,апрель,4,102543,0.273,1182,1078,33,71,6.01,28.6,21.1,14.1,8,2,0,8.6,69.706
МО-Б11,Регион Б,Район-Б11,2024,май,5,102543,0.273,40,36,2,2,5.0,22.3,13.0,19.2,8,2,0,10.4,80.444
МО-Б11,Регион Б,Район-Б11,2024,июнь,6,102543,0.273,313,280,12,21,6.71,26.7,22.6,15.8,4,0,0,8.1,74.0
МО-Б11,Регион Б,Район-Б11,2024,июль,7,102543,0.273,517,464,16,37,7.16,24.9,16.9,20.8,8,2,0,7.2,80.1
МО-Б11,Регион Б,Район-Б11,2024,август,8,102543,0.273,101,92,3,6,5.94,21.6,15.2,13.4,5,2,0,8.1,64.3
МО-Б11,Регион Б,Район-Б11,2024,сентябрь,9,102543,0.273,256,237,6,13,5.08,23.1,23.0,18.6,6,2,1,11.2,67.6
МО-Б11,Регион Б,Район-Б11,2024,октябрь,10,102543,0.273,1349,1219,59,71,5.26,29.3,24.3,15.4,7,0,1,12.6,89.2
МО-Б11,Регион Б,Район-Б11,2024,ноябрь,11,102543,0.273,296,267,14,15,5.07,30.0,19.5,20.8,6,4,0,9.5,96.6
МО-Б11,Регион Б,Район-Б11,2024,декабрь,12,102543,0.273,361,324,11,26,7.2,26.4,17.8,19.8,8,1,1,10.1,78.5
МО-Б12,Регион Б,Район-Б12,2023,январь,1,75207,0.361,648,575,28,45,6.94,18.6,12.8,16.3,7,1,1,6.4,44.1
МО-Б12,Регион Б,Район-Б12,2023,февраль,2,75207,0.361,893,785,43,65,7.28,21.1,9.5,16.5,4,0,0,6.2,50.4
МО-Б12,Регион Б,Район-Б12,2023,март,3,75207,0.361,40,37,1,2,5.0,17.2,18.3,10.9,4,2,0,10.0,49.1
МО-Б12,Регион Б,Район-Б12,2023,апрель,4,75207,0.361,40,36,2,2,5.0,16.8,10.2,15.1,10,2,0,10.6,48.9
МО-Б12,Регион Б,Район-Б12,2023,май,5,75207,0.361,40,37,1,2,5.0,15.2,17.4,15.1,4,3,0,5.6,65.8
МО-Б12,Регион Б,Район-Б12,2023,июнь,6,75207,0.361,94,84,4,6,6.38,20.1,14.1,10.7,3,0,0,7.9,56.4
МО-Б12,Регион Б,Район-Б12,2023,июль,7,75207,0.361,371,326,16,29,7.82,20.8,10.6,11.2,8,1,0,8.8,68.5
МО-Б12,Регион Б,Район-Б12,2023,август,8,75207,0.361,40,36,2,2,5.0,21.3,15.7,14.9,7,1,1,7.9,60.8
МО-Б12,Регион Б,Район-Б12,2023,сентябрь,9,75207,0.361,40,37,1,2,5.0,18.0,11.0,15.6,4,3,0,8.6,81.2
МО-Б12,Регион Б,Район-Б12,2023,октябрь,10,75207,0.361,731,639,41,51,6.98,22.2,11.2,14.0,6,2,1,7.0,71.0
МО-Б12,Регион Б,Район-Б12,2023,ноябрь,11,75207,0.361,555,500,13,42,7.57,20.3,13.4,16.0,9,0,0,9.8,74.0
МО-Б12,Регион Б,Район-Б12,2023,декабрь,12,75207,0.361,523,464,16,43,8.22,18.6,10.5,15.5,11,0,0,7.6,74.7
МО-Б12,Регион Б,Район-Б12,2024,январь,1,75207,0.361,40,37,1,2,5.0,16.9,15.1,15.9,9,0,1,7.8,60.6
МО-Б12,Регион Б,Район-Б12,2024,февраль,2,75207,0.361,473,413,22,38,8.03,20.3,15.9,14.3,9,1,0,9.3,68.0
МО-Б12,Регион Б,Район-Б12,2024,март,3,75207,0.361,328,285,18,25,7.62,22.1,14.9,14.4,12,2,0,7.1,63.5
МО-Б12,Регион Б,Район-Б12,2024,апрель,4,75207,0.361,40,36,1,3,7.5,19.3,11.8,12.2,9,3,0,8.9,69.1
МО-Б12,Регион Б,Район-Б12,2024,май,5,75207,0.361,46,43,1,2,4.35,15.9,17.5,15.3,7,1,0,7.4,74.9
МО-Б12,Регион Б,Район-Б12,2024,июнь,6,75207,0.361,40,37,1,2,5.0,21.6,12.3,16.7,5,2,0,9.3,58.1
МО-Б12,Регион Б,Район-Б12,2024,июль,7,75207,0.361,287,260,8,19,6.62,15.2,11.8,14.1,7,0,1,8.4,56.8
МО-Б12,Регион Б,Район-Б12,2024,август,8,75207,0.361,40,37,1,0,0.0,21.2,17.4,8.6,10,3,1,8.4,71.2
МО-Б12,Регион Б,Район-Б12,2024,сентябрь,9,75207,0.361,40,36,1,3,7.5,19.3,18.4,12.4,7,1,0,10.3,70.3
МО-Б12,Регион Б,Район-Б12,2024,октябрь,10,75207,0.361,40,37,1,2,5.0,20.0,13.0,13.0,4,3,0,8.4,67.7
МО-Б12,Регион Б,Район-Б12,2024,ноябрь,11,75207,0.361,518,454,30,34,6.56,19.4,9.4,16.5,5,0,0,6.9,75.7
МО-Б12,Регион Б,Район-Б12,2024,декабрь,12,75207,0.361,157,141,4,12,7.64,15.3,15.3,10.5,2,2,0,9.4,55.6
МО-А05,Регион А,Район-А05,2024,март,3,131572,0.243,40,38,1,1,2.5,9.0,4.8,6.5,10,2,1,4.3,41.5
